{
  "Total" : {
    "transaction" : "Total",
    "sampleCount" : 50000,
    "errorCount" : 0,
    "errorPct" : 0.0,
    "meanResTime" : 975.6694199999984,
    "medianResTime" : 763.0,
    "minResTime" : 95.0,
    "maxResTime" : 85846.0,
    "pct1ResTime" : 1786.0,
    "pct2ResTime" : 2577.0,
    "pct3ResTime" : 16773.910000000014,
    "throughput" : 4.857143634285839,
    "receivedKBytesPerSec" : 17.035277441046176,
    "sentKBytesPerSec" : 3.351144509397407
  },
  "OS Process Sampler" : {
    "transaction" : "OS Process Sampler",
    "sampleCount" : 25000,
    "errorCount" : 0,
    "errorPct" : 0.0,
    "meanResTime" : 893.0868800000037,
    "medianResTime" : 793.0,
    "minResTime" : 126.0,
    "maxResTime" : 6917.0,
    "pct1ResTime" : 1462.0,
    "pct2ResTime" : 1733.0,
    "pct3ResTime" : 2374.980000000003,
    "throughput" : 2.429506177602538,
    "receivedKBytesPerSec" : 2.2017399734523004,
    "sentKBytesPerSec" : 0.0
  },
  "HTTP Request - enroll" : {
    "transaction" : "HTTP Request - enroll",
    "sampleCount" : 25000,
    "errorCount" : 0,
    "errorPct" : 0.0,
    "meanResTime" : 1058.2519600000016,
    "medianResTime" : 640.0,
    "minResTime" : 95.0,
    "maxResTime" : 85846.0,
    "pct1ResTime" : 1467.0,
    "pct2ResTime" : 2470.7500000000036,
    "pct3ResTime" : 16773.910000000014,
    "throughput" : 2.4294939004640237,
    "receivedKBytesPerSec" : 14.840016570150567,
    "sentKBytesPerSec" : 3.3524168763238915
  }
}