{
  "Total" : {
    "transaction" : "Total",
    "sampleCount" : 1000,
    "errorCount" : 0,
    "errorPct" : 0.0,
    "meanResTime" : 1471.5470000000023,
    "medianResTime" : 1253.5,
    "minResTime" : 262.0,
    "maxResTime" : 6343.0,
    "pct1ResTime" : 2468.099999999999,
    "pct2ResTime" : 3107.2999999999993,
    "pct3ResTime" : 5727.090000000004,
    "throughput" : 6.316760259997852,
    "receivedKBytesPerSec" : 22.155808369628385,
    "sentKBytesPerSec" : 4.358811327846174
  },
  "OS Process Sampler" : {
    "transaction" : "OS Process Sampler",
    "sampleCount" : 500,
    "errorCount" : 0,
    "errorPct" : 0.0,
    "meanResTime" : 1679.0739999999996,
    "medianResTime" : 1518.5,
    "minResTime" : 361.0,
    "maxResTime" : 5340.0,
    "pct1ResTime" : 2887.3,
    "pct2ResTime" : 3300.7,
    "pct3ResTime" : 4514.310000000001,
    "throughput" : 3.1693109284179437,
    "receivedKBytesPerSec" : 2.872188028878761,
    "sentKBytesPerSec" : 0.0
  },
  "HTTP Request - enroll" : {
    "transaction" : "HTTP Request - enroll",
    "sampleCount" : 500,
    "errorCount" : 0,
    "errorPct" : 0.0,
    "meanResTime" : 1264.020000000002,
    "medianResTime" : 1117.0,
    "minResTime" : 262.0,
    "maxResTime" : 6343.0,
    "pct1ResTime" : 1845.3000000000002,
    "pct2ResTime" : 2054.0,
    "pct3ResTime" : 6052.850000000002,
    "throughput" : 3.3031862534600878,
    "receivedKBytesPerSec" : 20.178100319005214,
    "sentKBytesPerSec" : 4.558655091200973
  }
}