{
  "Total" : {
    "transaction" : "Total",
    "sampleCount" : 30,
    "errorCount" : 0,
    "errorPct" : 0.0,
    "meanResTime" : 953.8999999999999,
    "medianResTime" : 759.0,
    "minResTime" : 351.0,
    "maxResTime" : 2270.0,
    "pct1ResTime" : 2165.000000000001,
    "pct2ResTime" : 2264.5,
    "pct3ResTime" : 2270.0,
    "throughput" : 2.416626389560174,
    "receivedKBytesPerSec" : 8.475656265103915,
    "sentKBytesPerSec" : 1.6673306095940068
  },
  "OS Process Sampler" : {
    "transaction" : "OS Process Sampler",
    "sampleCount" : 15,
    "errorCount" : 0,
    "errorPct" : 0.0,
    "meanResTime" : 972.0666666666667,
    "medianResTime" : 891.0,
    "minResTime" : 454.0,
    "maxResTime" : 1850.0,
    "pct1ResTime" : 1727.0,
    "pct2ResTime" : 1850.0,
    "pct3ResTime" : 1850.0,
    "throughput" : 1.2451232672034531,
    "receivedKBytesPerSec" : 1.1283929609031293,
    "sentKBytesPerSec" : 0.0
  },
  "HTTP Request - enroll" : {
    "transaction" : "HTTP Request - enroll",
    "sampleCount" : 15,
    "errorCount" : 0,
    "errorPct" : 0.0,
    "meanResTime" : 935.7333333333333,
    "medianResTime" : 603.0,
    "minResTime" : 351.0,
    "maxResTime" : 2270.0,
    "pct1ResTime" : 2264.0,
    "pct2ResTime" : 2270.0,
    "pct3ResTime" : 2270.0,
    "throughput" : 1.643115346697338,
    "receivedKBytesPerSec" : 10.03648229543214,
    "sentKBytesPerSec" : 2.2673066258626355
  }
}