{
  "Total" : {
    "transaction" : "Total",
    "sampleCount" : 300,
    "errorCount" : 110,
    "errorPct" : 36.666668,
    "meanResTime" : 208796.16999999995,
    "medianResTime" : 94009.5,
    "minResTime" : 1737.0,
    "maxResTime" : 862824.0,
    "pct1ResTime" : 639884.2000000025,
    "pct2ResTime" : 725283.3,
    "pct3ResTime" : 760105.0,
    "throughput" : 0.19348360129737205,
    "receivedKBytesPerSec" : 0.24294536619673798,
    "sentKBytesPerSec" : 0.13402518366430854
  },
  "OS Process Sampler" : {
    "transaction" : "OS Process Sampler",
    "sampleCount" : 150,
    "errorCount" : 0,
    "errorPct" : 0.0,
    "meanResTime" : 10051.519999999995,
    "medianResTime" : 9952.5,
    "minResTime" : 1737.0,
    "maxResTime" : 19465.0,
    "pct1ResTime" : 15899.500000000002,
    "pct2ResTime" : 17662.1,
    "pct3ResTime" : 19157.470000000005,
    "throughput" : 0.1642636716653927,
    "receivedKBytesPerSec" : 0.14886395244676215,
    "sentKBytesPerSec" : 0.0
  },
  "HTTP Request - enroll" : {
    "transaction" : "HTTP Request - enroll",
    "sampleCount" : 150,
    "errorCount" : 110,
    "errorPct" : 73.333336,
    "meanResTime" : 407540.82000000024,
    "medianResTime" : 356335.5,
    "minResTime" : 168554.0,
    "maxResTime" : 862824.0,
    "pct1ResTime" : 725244.6,
    "pct2ResTime" : 756116.35,
    "pct3ResTime" : 840430.4100000004,
    "throughput" : 0.0998330126475116,
    "receivedKBytesPerSec" : 0.1602345851172938,
    "sentKBytesPerSec" : 0.138307719787369
  }
}