{
  "Total" : {
    "transaction" : "Total",
    "sampleCount" : 5000,
    "errorCount" : 0,
    "errorPct" : 0.0,
    "meanResTime" : 680.661000000001,
    "medianResTime" : 558.5,
    "minResTime" : 124.0,
    "maxResTime" : 7681.0,
    "pct1ResTime" : 1180.6000000000022,
    "pct2ResTime" : 1390.9499999999998,
    "pct3ResTime" : 1977.8299999999963,
    "throughput" : 7.216600490440169,
    "receivedKBytesPerSec" : 25.31050663963328,
    "sentKBytesPerSec" : 4.9790314907187305
  },
  "OS Process Sampler" : {
    "transaction" : "OS Process Sampler",
    "sampleCount" : 2500,
    "errorCount" : 0,
    "errorPct" : 0.0,
    "meanResTime" : 861.3751999999993,
    "medianResTime" : 779.0,
    "minResTime" : 173.0,
    "maxResTime" : 4428.0,
    "pct1ResTime" : 1374.7000000000003,
    "pct2ResTime" : 1559.0,
    "pct3ResTime" : 2153.2499999999836,
    "throughput" : 3.6101083032490977,
    "receivedKBytesPerSec" : 3.2716606498194944,
    "sentKBytesPerSec" : 0.0
  },
  "HTTP Request - enroll" : {
    "transaction" : "HTTP Request - enroll",
    "sampleCount" : 2500,
    "errorCount" : 0,
    "errorPct" : 0.0,
    "meanResTime" : 499.9467999999997,
    "medianResTime" : 442.0,
    "minResTime" : 124.0,
    "maxResTime" : 7681.0,
    "pct1ResTime" : 706.8000000000002,
    "pct2ResTime" : 851.0,
    "pct3ResTime" : 1232.8499999999967,
    "throughput" : 3.6316517333147393,
    "receivedKBytesPerSec" : 22.183121816857255,
    "sentKBytesPerSec" : 5.011253807786842
  }
}