{
  "Total" : {
    "transaction" : "Total",
    "sampleCount" : 100,
    "errorCount" : 0,
    "errorPct" : 0.0,
    "meanResTime" : 14494.02,
    "medianResTime" : 12733.5,
    "minResTime" : 400.0,
    "maxResTime" : 38028.0,
    "pct1ResTime" : 29069.1,
    "pct2ResTime" : 36061.099999999926,
    "pct3ResTime" : 38024.68,
    "throughput" : 0.340398879406889,
    "receivedKBytesPerSec" : 1.1938726127401087,
    "sentKBytesPerSec" : 0.23485528154391314
  },
  "OS Process Sampler" : {
    "transaction" : "OS Process Sampler",
    "sampleCount" : 50,
    "errorCount" : 0,
    "errorPct" : 0.0,
    "meanResTime" : 1110.6200000000003,
    "medianResTime" : 890.0,
    "minResTime" : 400.0,
    "maxResTime" : 6699.0,
    "pct1ResTime" : 1680.8,
    "pct2ResTime" : 2302.7499999999986,
    "pct3ResTime" : 6699.0,
    "throughput" : 0.18862870702566484,
    "receivedKBytesPerSec" : 0.17094476574200873,
    "sentKBytesPerSec" : 0.0
  },
  "HTTP Request - enroll" : {
    "transaction" : "HTTP Request - enroll",
    "sampleCount" : 50,
    "errorCount" : 0,
    "errorPct" : 0.0,
    "meanResTime" : 27877.420000000002,
    "medianResTime" : 27754.5,
    "minResTime" : 18768.0,
    "maxResTime" : 38028.0,
    "pct1ResTime" : 35726.19999999999,
    "pct2ResTime" : 37626.7,
    "pct3ResTime" : 38028.0,
    "throughput" : 0.17264835673294063,
    "receivedKBytesPerSec" : 1.05458809231335,
    "sentKBytesPerSec" : 0.2382345000621534
  }
}