{
  "Total" : {
    "transaction" : "Total",
    "sampleCount" : 30,
    "errorCount" : 15,
    "errorPct" : 50.0,
    "meanResTime" : 1190.6666666666667,
    "medianResTime" : 1088.0,
    "minResTime" : 77.0,
    "maxResTime" : 2920.0,
    "pct1ResTime" : 2831.2000000000016,
    "pct2ResTime" : 2912.3,
    "pct3ResTime" : 2920.0,
    "throughput" : 2.354972917811445,
    "receivedKBytesPerSec" : 1.3430704921893397,
    "sentKBytesPerSec" : 1.6259432157155191
  },
  "OS Process Sampler" : {
    "transaction" : "OS Process Sampler",
    "sampleCount" : 15,
    "errorCount" : 0,
    "errorPct" : 0.0,
    "meanResTime" : 172.59999999999997,
    "medianResTime" : 149.0,
    "minResTime" : 77.0,
    "maxResTime" : 352.0,
    "pct1ResTime" : 342.4,
    "pct2ResTime" : 352.0,
    "pct3ResTime" : 352.0,
    "throughput" : 1.3826159093003962,
    "receivedKBytesPerSec" : 1.2529956678034841,
    "sentKBytesPerSec" : 0.0
  },
  "HTTP Request - enroll" : {
    "transaction" : "HTTP Request - enroll",
    "sampleCount" : 15,
    "errorCount" : 15,
    "errorPct" : 100.0,
    "meanResTime" : 2208.733333333333,
    "medianResTime" : 2094.0,
    "minResTime" : 1824.0,
    "maxResTime" : 2920.0,
    "pct1ResTime" : 2911.6,
    "pct2ResTime" : 2920.0,
    "pct3ResTime" : 2920.0,
    "throughput" : 1.274426508071368,
    "receivedKBytesPerSec" : 0.29869371282922685,
    "sentKBytesPerSec" : 1.7598037914188616
  }
}