{
  "Total" : {
    "transaction" : "Total",
    "sampleCount" : 2,
    "errorCount" : 1,
    "errorPct" : 50.0,
    "meanResTime" : 1101.0,
    "medianResTime" : 1101.0,
    "minResTime" : 509.0,
    "maxResTime" : 1693.0,
    "pct1ResTime" : 1693.0,
    "pct2ResTime" : 1693.0,
    "pct3ResTime" : 1693.0,
    "throughput" : 0.43280675178532785,
    "receivedKBytesPerSec" : 0.24598977494048904,
    "sentKBytesPerSec" : 0.29861129896126376
  },
  "OS Process Sampler" : {
    "transaction" : "OS Process Sampler",
    "sampleCount" : 1,
    "errorCount" : 0,
    "errorPct" : 0.0,
    "meanResTime" : 509.0,
    "medianResTime" : 509.0,
    "minResTime" : 509.0,
    "maxResTime" : 509.0,
    "pct1ResTime" : 509.0,
    "pct2ResTime" : 509.0,
    "pct3ResTime" : 509.0,
    "throughput" : 1.9646365422396854,
    "receivedKBytesPerSec" : 1.780451866404715,
    "sentKBytesPerSec" : 0.0
  },
  "HTTP Request - enroll" : {
    "transaction" : "HTTP Request - enroll",
    "sampleCount" : 1,
    "errorCount" : 1,
    "errorPct" : 100.0,
    "meanResTime" : 1693.0,
    "medianResTime" : 1693.0,
    "minResTime" : 1693.0,
    "maxResTime" : 1693.0,
    "pct1ResTime" : 1693.0,
    "pct2ResTime" : 1693.0,
    "pct3ResTime" : 1693.0,
    "throughput" : 0.5906674542232723,
    "receivedKBytesPerSec" : 0.13613038984051978,
    "sentKBytesPerSec" : 0.815051867985824
  }
}