{
  "Total" : {
    "transaction" : "Total",
    "sampleCount" : 30,
    "errorCount" : 0,
    "errorPct" : 0.0,
    "meanResTime" : 11917.099999999999,
    "medianResTime" : 11302.5,
    "minResTime" : 1148.0,
    "maxResTime" : 22888.0,
    "pct1ResTime" : 22198.3,
    "pct2ResTime" : 22589.35,
    "pct3ResTime" : 22888.0,
    "throughput" : 0.3959611958028113,
    "receivedKBytesPerSec" : 1.2565065498581138,
    "sentKBytesPerSec" : 0.2739633859631756
  },
  "OS Process Sampler" : {
    "transaction" : "OS Process Sampler",
    "sampleCount" : 15,
    "errorCount" : 0,
    "errorPct" : 0.0,
    "meanResTime" : 2691.6666666666674,
    "medianResTime" : 2714.0,
    "minResTime" : 1148.0,
    "maxResTime" : 4358.0,
    "pct1ResTime" : 4223.0,
    "pct2ResTime" : 4358.0,
    "pct3ResTime" : 4358.0,
    "throughput" : 0.274323335771763,
    "receivedKBytesPerSec" : 0.2486055230431602,
    "sentKBytesPerSec" : 0.0
  },
  "HTTP Request - enroll" : {
    "transaction" : "HTTP Request - enroll",
    "sampleCount" : 15,
    "errorCount" : 0,
    "errorPct" : 0.0,
    "meanResTime" : 21142.533333333333,
    "medianResTime" : 21928.0,
    "minResTime" : 18247.0,
    "maxResTime" : 22888.0,
    "pct1ResTime" : 22562.2,
    "pct2ResTime" : 22888.0,
    "pct3ResTime" : 22888.0,
    "throughput" : 0.21593608291945585,
    "receivedKBytesPerSec" : 1.1747710177787374,
    "sentKBytesPerSec" : 0.298809989743036
  }
}