{
  "Total" : {
    "transaction" : "Total",
    "sampleCount" : 2,
    "errorCount" : 1,
    "errorPct" : 50.0,
    "meanResTime" : 1208.0,
    "medianResTime" : 1208.0,
    "minResTime" : 592.0,
    "maxResTime" : 1824.0,
    "pct1ResTime" : 1824.0,
    "pct2ResTime" : 1824.0,
    "pct3ResTime" : 1824.0,
    "throughput" : 0.43898156277436345,
    "receivedKBytesPerSec" : 0.24178281387181738,
    "sentKBytesPerSec" : 0.30287155673836696
  },
  "OS Process Sampler" : {
    "transaction" : "OS Process Sampler",
    "sampleCount" : 1,
    "errorCount" : 0,
    "errorPct" : 0.0,
    "meanResTime" : 592.0,
    "medianResTime" : 592.0,
    "minResTime" : 592.0,
    "maxResTime" : 592.0,
    "pct1ResTime" : 592.0,
    "pct2ResTime" : 592.0,
    "pct3ResTime" : 592.0,
    "throughput" : 1.6891891891891893,
    "receivedKBytesPerSec" : 1.5308277027027029,
    "sentKBytesPerSec" : 0.0
  },
  "HTTP Request - enroll" : {
    "transaction" : "HTTP Request - enroll",
    "sampleCount" : 1,
    "errorCount" : 1,
    "errorPct" : 100.0,
    "meanResTime" : 1824.0,
    "medianResTime" : 1824.0,
    "minResTime" : 1824.0,
    "maxResTime" : 1824.0,
    "pct1ResTime" : 1824.0,
    "pct2ResTime" : 1824.0,
    "pct3ResTime" : 1824.0,
    "throughput" : 0.5482456140350876,
    "receivedKBytesPerSec" : 0.10707922149122806,
    "sentKBytesPerSec" : 0.7565146998355263
  }
}