{
  "Total" : {
    "transaction" : "Total",
    "sampleCount" : 2,
    "errorCount" : 1,
    "errorPct" : 50.0,
    "meanResTime" : 1620.5,
    "medianResTime" : 1620.5,
    "minResTime" : 890.0,
    "maxResTime" : 2351.0,
    "pct1ResTime" : 2351.0,
    "pct2ResTime" : 2351.0,
    "pct3ResTime" : 2351.0,
    "throughput" : 0.3824091778202677,
    "receivedKBytesPerSec" : 0.2173458413001912,
    "sentKBytesPerSec" : 0.26383992590822175
  },
  "OS Process Sampler" : {
    "transaction" : "OS Process Sampler",
    "sampleCount" : 1,
    "errorCount" : 0,
    "errorPct" : 0.0,
    "meanResTime" : 890.0,
    "medianResTime" : 890.0,
    "minResTime" : 890.0,
    "maxResTime" : 890.0,
    "pct1ResTime" : 890.0,
    "pct2ResTime" : 890.0,
    "pct3ResTime" : 890.0,
    "throughput" : 1.1235955056179776,
    "receivedKBytesPerSec" : 1.0182584269662922,
    "sentKBytesPerSec" : 0.0
  },
  "HTTP Request - enroll" : {
    "transaction" : "HTTP Request - enroll",
    "sampleCount" : 1,
    "errorCount" : 1,
    "errorPct" : 100.0,
    "meanResTime" : 2351.0,
    "medianResTime" : 2351.0,
    "minResTime" : 2351.0,
    "maxResTime" : 2351.0,
    "pct1ResTime" : 2351.0,
    "pct2ResTime" : 2351.0,
    "pct3ResTime" : 2351.0,
    "throughput" : 0.4253509145044662,
    "receivedKBytesPerSec" : 0.09803009357720119,
    "sentKBytesPerSec" : 0.5869344162058698
  }
}