{
  "Total" : {
    "transaction" : "Total",
    "sampleCount" : 4,
    "errorCount" : 0,
    "errorPct" : 0.0,
    "meanResTime" : 20009.5,
    "medianResTime" : 20104.5,
    "minResTime" : 493.0,
    "maxResTime" : 39336.0,
    "pct1ResTime" : 39336.0,
    "pct2ResTime" : 39336.0,
    "pct3ResTime" : 39336.0,
    "throughput" : 0.09210435423334637,
    "receivedKBytesPerSec" : 0.2922559306569343,
    "sentKBytesPerSec" : 0.06354660768150314
  },
  "OS Process Sampler" : {
    "transaction" : "OS Process Sampler",
    "sampleCount" : 2,
    "errorCount" : 0,
    "errorPct" : 0.0,
    "meanResTime" : 683.0,
    "medianResTime" : 683.0,
    "minResTime" : 493.0,
    "maxResTime" : 873.0,
    "pct1ResTime" : 873.0,
    "pct2ResTime" : 873.0,
    "pct3ResTime" : 873.0,
    "throughput" : 2.100840336134454,
    "receivedKBytesPerSec" : 1.9038865546218489,
    "sentKBytesPerSec" : 0.0
  },
  "HTTP Request - enroll" : {
    "transaction" : "HTTP Request - enroll",
    "sampleCount" : 2,
    "errorCount" : 0,
    "errorPct" : 0.0,
    "meanResTime" : 39336.0,
    "medianResTime" : 39336.0,
    "minResTime" : 39336.0,
    "maxResTime" : 39336.0,
    "pct1ResTime" : 39336.0,
    "pct2ResTime" : 39336.0,
    "pct3ResTime" : 39336.0,
    "throughput" : 0.050844010575554204,
    "receivedKBytesPerSec" : 0.2765884383897702,
    "sentKBytesPerSec" : 0.07015877631177547
  }
}