{
  "Total" : {
    "transaction" : "Total",
    "sampleCount" : 30,
    "errorCount" : 2,
    "errorPct" : 6.6666665,
    "meanResTime" : 1011.7000000000002,
    "medianResTime" : 660.5,
    "minResTime" : 417.0,
    "maxResTime" : 4135.0,
    "pct1ResTime" : 3472.400000000005,
    "pct2ResTime" : 4131.7,
    "pct3ResTime" : 4135.0,
    "throughput" : 2.1902606410162813,
    "receivedKBytesPerSec" : 6.818255708366796,
    "sentKBytesPerSec" : 1.5111515067167993
  },
  "OS Process Sampler" : {
    "transaction" : "OS Process Sampler",
    "sampleCount" : 15,
    "errorCount" : 0,
    "errorPct" : 0.0,
    "meanResTime" : 661.0666666666667,
    "medianResTime" : 597.0,
    "minResTime" : 417.0,
    "maxResTime" : 1289.0,
    "pct1ResTime" : 1256.6,
    "pct2ResTime" : 1289.0,
    "pct3ResTime" : 1289.0,
    "throughput" : 1.153757403276671,
    "receivedKBytesPerSec" : 1.0455926467194832,
    "sentKBytesPerSec" : 0.0
  },
  "HTTP Request - enroll" : {
    "transaction" : "HTTP Request - enroll",
    "sampleCount" : 15,
    "errorCount" : 2,
    "errorPct" : 13.333333,
    "meanResTime" : 1362.3333333333335,
    "medianResTime" : 700.0,
    "minResTime" : 554.0,
    "maxResTime" : 4135.0,
    "pct1ResTime" : 4131.4,
    "pct2ResTime" : 4135.0,
    "pct3ResTime" : 4135.0,
    "throughput" : 1.5024038461538463,
    "receivedKBytesPerSec" : 7.992377647986779,
    "sentKBytesPerSec" : 2.0731412447415867
  }
}