{
  "Total" : {
    "transaction" : "Total",
    "sampleCount" : 100,
    "errorCount" : 0,
    "errorPct" : 0.0,
    "meanResTime" : 880.33,
    "medianResTime" : 658.0,
    "minResTime" : 319.0,
    "maxResTime" : 3506.0,
    "pct1ResTime" : 1422.4,
    "pct2ResTime" : 3071.749999999992,
    "pct3ResTime" : 3505.94,
    "throughput" : 4.508769556787953,
    "receivedKBytesPerSec" : 15.813320384710764,
    "sentKBytesPerSec" : 3.1107868084674695
  },
  "OS Process Sampler" : {
    "transaction" : "OS Process Sampler",
    "sampleCount" : 50,
    "errorCount" : 0,
    "errorPct" : 0.0,
    "meanResTime" : 889.98,
    "medianResTime" : 781.5,
    "minResTime" : 343.0,
    "maxResTime" : 2402.0,
    "pct1ResTime" : 1422.3999999999999,
    "pct2ResTime" : 1897.849999999999,
    "pct3ResTime" : 2402.0,
    "throughput" : 2.2951572182694515,
    "receivedKBytesPerSec" : 2.0799862290566904,
    "sentKBytesPerSec" : 0.0
  },
  "HTTP Request - enroll" : {
    "transaction" : "HTTP Request - enroll",
    "sampleCount" : 50,
    "errorCount" : 0,
    "errorPct" : 0.0,
    "meanResTime" : 870.6800000000002,
    "medianResTime" : 572.5,
    "minResTime" : 319.0,
    "maxResTime" : 3506.0,
    "pct1ResTime" : 2906.4999999999973,
    "pct2ResTime" : 3496.15,
    "pct3ResTime" : 3506.0,
    "throughput" : 2.7904900100457644,
    "receivedKBytesPerSec" : 17.044934301400826,
    "sentKBytesPerSec" : 3.850549203315102
  }
}