{
  "Total" : {
    "transaction" : "Total",
    "sampleCount" : 100,
    "errorCount" : 1,
    "errorPct" : 1.0,
    "meanResTime" : 13145.270000000002,
    "medianResTime" : 8531.5,
    "minResTime" : 459.0,
    "maxResTime" : 31554.0,
    "pct1ResTime" : 28247.5,
    "pct2ResTime" : 30654.34999999998,
    "pct3ResTime" : 31551.739999999998,
    "throughput" : 0.3755332572252599,
    "receivedKBytesPerSec" : 1.2948709433019887,
    "sentKBytesPerSec" : 0.25909594358363874
  },
  "OS Process Sampler" : {
    "transaction" : "OS Process Sampler",
    "sampleCount" : 50,
    "errorCount" : 0,
    "errorPct" : 0.0,
    "meanResTime" : 1032.16,
    "medianResTime" : 924.5,
    "minResTime" : 459.0,
    "maxResTime" : 2618.0,
    "pct1ResTime" : 1776.1999999999996,
    "pct2ResTime" : 2055.099999999998,
    "pct3ResTime" : 2618.0,
    "throughput" : 0.1985466386054084,
    "receivedKBytesPerSec" : 0.17993289123615136,
    "sentKBytesPerSec" : 0.0
  },
  "HTTP Request - enroll" : {
    "transaction" : "HTTP Request - enroll",
    "sampleCount" : 50,
    "errorCount" : 1,
    "errorPct" : 2.0,
    "meanResTime" : 25258.379999999994,
    "medianResTime" : 26456.0,
    "minResTime" : 14445.0,
    "maxResTime" : 31554.0,
    "pct1ResTime" : 30573.699999999997,
    "pct2ResTime" : 31271.899999999998,
    "pct3ResTime" : 31554.0,
    "throughput" : 0.19072686006370276,
    "receivedKBytesPerSec" : 1.1424389912456372,
    "sentKBytesPerSec" : 0.2631807160839961
  }
}