{
  "Total" : {
    "transaction" : "Total",
    "sampleCount" : 16,
    "errorCount" : 0,
    "errorPct" : 0.0,
    "meanResTime" : 4446.8125,
    "medianResTime" : 4315.5,
    "minResTime" : 78.0,
    "maxResTime" : 9917.0,
    "pct1ResTime" : 9917.0,
    "pct2ResTime" : 9917.0,
    "pct3ResTime" : 9917.0,
    "throughput" : 0.4386806678913168,
    "receivedKBytesPerSec" : 1.3919757423299428,
    "sentKBytesPerSec" : 0.3035207550790996
  },
  "OS Process Sampler" : {
    "transaction" : "OS Process Sampler",
    "sampleCount" : 8,
    "errorCount" : 0,
    "errorPct" : 0.0,
    "meanResTime" : 151.62499999999997,
    "medianResTime" : 133.5,
    "minResTime" : 78.0,
    "maxResTime" : 315.0,
    "pct1ResTime" : 315.0,
    "pct2ResTime" : 315.0,
    "pct3ResTime" : 315.0,
    "throughput" : 0.28434334458859073,
    "receivedKBytesPerSec" : 0.25768615603341033,
    "sentKBytesPerSec" : 0.0
  },
  "HTTP Request - enroll" : {
    "transaction" : "HTTP Request - enroll",
    "sampleCount" : 8,
    "errorCount" : 0,
    "errorPct" : 0.0,
    "meanResTime" : 8742.0,
    "medianResTime" : 8368.5,
    "minResTime" : 8316.0,
    "maxResTime" : 9917.0,
    "pct1ResTime" : 9917.0,
    "pct2ResTime" : 9917.0,
    "pct3ResTime" : 9917.0,
    "throughput" : 0.22618037885213457,
    "receivedKBytesPerSec" : 1.2304080081990387,
    "sentKBytesPerSec" : 0.3129859344076902
  }
}