{
  "Total" : {
    "transaction" : "Total",
    "sampleCount" : 300,
    "errorCount" : 0,
    "errorPct" : 0.0,
    "meanResTime" : 20148.406666666666,
    "medianResTime" : 11283.0,
    "minResTime" : 150.0,
    "maxResTime" : 70269.0,
    "pct1ResTime" : 62423.2,
    "pct2ResTime" : 62918.1,
    "pct3ResTime" : 69736.18000000001,
    "throughput" : 2.2382547581565735,
    "receivedKBytesPerSec" : 7.106218419624272,
    "sentKBytesPerSec" : 1.5504285791558796
  },
  "OS Process Sampler" : {
    "transaction" : "OS Process Sampler",
    "sampleCount" : 150,
    "errorCount" : 0,
    "errorPct" : 0.0,
    "meanResTime" : 1861.799999999999,
    "medianResTime" : 1662.0,
    "minResTime" : 150.0,
    "maxResTime" : 5750.0,
    "pct1ResTime" : 3545.1000000000017,
    "pct2ResTime" : 5153.499999999999,
    "pct3ResTime" : 5694.920000000001,
    "throughput" : 1.2804206608677837,
    "receivedKBytesPerSec" : 1.160381223911429,
    "sentKBytesPerSec" : 0.0
  },
  "HTTP Request - enroll" : {
    "transaction" : "HTTP Request - enroll",
    "sampleCount" : 150,
    "errorCount" : 0,
    "errorPct" : 0.0,
    "meanResTime" : 38435.013333333336,
    "medianResTime" : 38454.5,
    "minResTime" : 16816.0,
    "maxResTime" : 70269.0,
    "pct1ResTime" : 62914.2,
    "pct2ResTime" : 64084.65,
    "pct3ResTime" : 70115.49,
    "throughput" : 1.1568807410206772,
    "receivedKBytesPerSec" : 6.297520985334609,
    "sentKBytesPerSec" : 1.6027317328530994
  }
}