{
  "Total" : {
    "transaction" : "Total",
    "sampleCount" : 2,
    "errorCount" : 1,
    "errorPct" : 50.0,
    "meanResTime" : 2756.0,
    "medianResTime" : 2756.0,
    "minResTime" : 768.0,
    "maxResTime" : 4744.0,
    "pct1ResTime" : 4744.0,
    "pct2ResTime" : 4744.0,
    "pct3ResTime" : 4744.0,
    "throughput" : 0.2656042496679947,
    "receivedKBytesPerSec" : 0.1462898406374502,
    "sentKBytesPerSec" : 0.18325136952191234
  },
  "OS Process Sampler" : {
    "transaction" : "OS Process Sampler",
    "sampleCount" : 1,
    "errorCount" : 0,
    "errorPct" : 0.0,
    "meanResTime" : 768.0,
    "medianResTime" : 768.0,
    "minResTime" : 768.0,
    "maxResTime" : 768.0,
    "pct1ResTime" : 768.0,
    "pct2ResTime" : 768.0,
    "pct3ResTime" : 768.0,
    "throughput" : 1.3020833333333333,
    "receivedKBytesPerSec" : 1.1800130208333333,
    "sentKBytesPerSec" : 0.0
  },
  "HTTP Request - enroll" : {
    "transaction" : "HTTP Request - enroll",
    "sampleCount" : 1,
    "errorCount" : 1,
    "errorPct" : 100.0,
    "meanResTime" : 4744.0,
    "medianResTime" : 4744.0,
    "minResTime" : 4744.0,
    "maxResTime" : 4744.0,
    "pct1ResTime" : 4744.0,
    "pct2ResTime" : 4744.0,
    "pct3ResTime" : 4744.0,
    "throughput" : 0.21079258010118043,
    "receivedKBytesPerSec" : 0.04117042580101181,
    "sentKBytesPerSec" : 0.2908690582841484
  }
}