{
  "Total" : {
    "transaction" : "Total",
    "sampleCount" : 30,
    "errorCount" : 15,
    "errorPct" : 50.0,
    "meanResTime" : 1163.8666666666668,
    "medianResTime" : 1147.5,
    "minResTime" : 123.0,
    "maxResTime" : 2611.0,
    "pct1ResTime" : 2387.3000000000006,
    "pct2ResTime" : 2611.0,
    "pct3ResTime" : 2611.0,
    "throughput" : 2.430330524951393,
    "receivedKBytesPerSec" : 1.3884212471646145,
    "sentKBytesPerSec" : 1.679159029690538
  },
  "OS Process Sampler" : {
    "transaction" : "OS Process Sampler",
    "sampleCount" : 15,
    "errorCount" : 0,
    "errorPct" : 0.0,
    "meanResTime" : 189.4,
    "medianResTime" : 189.0,
    "minResTime" : 123.0,
    "maxResTime" : 394.0,
    "pct1ResTime" : 318.40000000000003,
    "pct2ResTime" : 394.0,
    "pct3ResTime" : 394.0,
    "throughput" : 1.4377456148758747,
    "receivedKBytesPerSec" : 1.3029569634812614,
    "sentKBytesPerSec" : 0.0
  },
  "HTTP Request - enroll" : {
    "transaction" : "HTTP Request - enroll",
    "sampleCount" : 15,
    "errorCount" : 15,
    "errorPct" : 100.0,
    "meanResTime" : 2138.333333333334,
    "medianResTime" : 2049.0,
    "minResTime" : 1901.0,
    "maxResTime" : 2611.0,
    "pct1ResTime" : 2611.0,
    "pct2ResTime" : 2611.0,
    "pct3ResTime" : 2611.0,
    "throughput" : 1.3069617495861288,
    "receivedKBytesPerSec" : 0.3088718197264093,
    "sentKBytesPerSec" : 1.8060067145159884
  }
}