{
  "Total" : {
    "transaction" : "Total",
    "sampleCount" : 42,
    "errorCount" : 0,
    "errorPct" : 0.0,
    "meanResTime" : 385.78571428571433,
    "medianResTime" : 291.5,
    "minResTime" : 79.0,
    "maxResTime" : 1005.0,
    "pct1ResTime" : 846.8,
    "pct2ResTime" : 870.75,
    "pct3ResTime" : 1005.0,
    "throughput" : 11.2209457654288,
    "receivedKBytesPerSec" : 35.60761337830617,
    "sentKBytesPerSec" : 7.763711010553033
  },
  "OS Process Sampler" : {
    "transaction" : "OS Process Sampler",
    "sampleCount" : 21,
    "errorCount" : 0,
    "errorPct" : 0.0,
    "meanResTime" : 320.23809523809524,
    "medianResTime" : 286.0,
    "minResTime" : 119.0,
    "maxResTime" : 779.0,
    "pct1ResTime" : 720.8000000000002,
    "pct2ResTime" : 776.4,
    "pct3ResTime" : 779.0,
    "throughput" : 5.734571272528673,
    "receivedKBytesPerSec" : 5.19695521572911,
    "sentKBytesPerSec" : 0.0
  },
  "HTTP Request - enroll" : {
    "transaction" : "HTTP Request - enroll",
    "sampleCount" : 21,
    "errorCount" : 0,
    "errorPct" : 0.0,
    "meanResTime" : 451.3333333333332,
    "medianResTime" : 320.0,
    "minResTime" : 79.0,
    "maxResTime" : 1005.0,
    "pct1ResTime" : 870.0,
    "pct2ResTime" : 991.7999999999998,
    "pct3ResTime" : 1005.0,
    "throughput" : 8.277493102089082,
    "receivedKBytesPerSec" : 45.03273428261726,
    "sentKBytesPerSec" : 11.454304419590068
  }
}