{
  "Total" : {
    "transaction" : "Total",
    "sampleCount" : 600,
    "errorCount" : 300,
    "errorPct" : 50.0,
    "meanResTime" : 186768.29666666657,
    "medianResTime" : 14487.0,
    "minResTime" : 158.0,
    "maxResTime" : 839964.0,
    "pct1ResTime" : 481893.5,
    "pct2ResTime" : 550999.6,
    "pct3ResTime" : 713528.0200000003,
    "throughput" : 0.41617015255410555,
    "receivedKBytesPerSec" : 0.229560106414708,
    "sentKBytesPerSec" : 0.28832788381639124
  },
  "OS Process Sampler" : {
    "transaction" : "OS Process Sampler",
    "sampleCount" : 300,
    "errorCount" : 0,
    "errorPct" : 0.0,
    "meanResTime" : 3825.8999999999974,
    "medianResTime" : 1062.0,
    "minResTime" : 158.0,
    "maxResTime" : 20925.0,
    "pct1ResTime" : 12487.700000000008,
    "pct2ResTime" : 14370.849999999999,
    "pct3ResTime" : 18515.890000000003,
    "throughput" : 0.25618406996216164,
    "receivedKBytesPerSec" : 0.23217682059344188,
    "sentKBytesPerSec" : 0.0
  },
  "HTTP Request - enroll" : {
    "transaction" : "HTTP Request - enroll",
    "sampleCount" : 300,
    "errorCount" : 300,
    "errorPct" : 100.0,
    "meanResTime" : 369710.6933333335,
    "medianResTime" : 365258.5,
    "minResTime" : 10779.0,
    "maxResTime" : 839964.0,
    "pct1ResTime" : 550948.2000000001,
    "pct2ResTime" : 620111.35,
    "pct3ResTime" : 783002.7600000002,
    "throughput" : 0.2117991917742842,
    "receivedKBytesPerSec" : 0.041706239286490886,
    "sentKBytesPerSec" : 0.29347425510224256
  }
}