{
  "Total" : {
    "transaction" : "Total",
    "sampleCount" : 6,
    "errorCount" : 0,
    "errorPct" : 0.0,
    "meanResTime" : 4310.833333333334,
    "medianResTime" : 4329.0,
    "minResTime" : 83.0,
    "maxResTime" : 8496.0,
    "pct1ResTime" : 8496.0,
    "pct2ResTime" : 8496.0,
    "pct3ResTime" : 8496.0,
    "throughput" : 0.6402048655569782,
    "receivedKBytesPerSec" : 2.031379208013231,
    "sentKBytesPerSec" : 0.44170384523047374
  },
  "OS Process Sampler" : {
    "transaction" : "OS Process Sampler",
    "sampleCount" : 3,
    "errorCount" : 0,
    "errorPct" : 0.0,
    "meanResTime" : 126.33333333333333,
    "medianResTime" : 133.0,
    "minResTime" : 83.0,
    "maxResTime" : 163.0,
    "pct1ResTime" : 163.0,
    "pct2ResTime" : 163.0,
    "pct3ResTime" : 163.0,
    "throughput" : 4.059539918809201,
    "receivedKBytesPerSec" : 3.678958051420839,
    "sentKBytesPerSec" : 0.0
  },
  "HTTP Request - enroll" : {
    "transaction" : "HTTP Request - enroll",
    "sampleCount" : 3,
    "errorCount" : 0,
    "errorPct" : 0.0,
    "meanResTime" : 8495.333333333334,
    "medianResTime" : 8495.0,
    "minResTime" : 8495.0,
    "maxResTime" : 8496.0,
    "pct1ResTime" : 8496.0,
    "pct2ResTime" : 8496.0,
    "pct3ResTime" : 8496.0,
    "throughput" : 0.3531073446327684,
    "receivedKBytesPerSec" : 1.9208257930202448,
    "sentKBytesPerSec" : 0.48724675582627114
  }
}