{
  "Total" : {
    "transaction" : "Total",
    "sampleCount" : 2,
    "errorCount" : 1,
    "errorPct" : 50.0,
    "meanResTime" : 1183.5,
    "medianResTime" : 1183.5,
    "minResTime" : 1105.0,
    "maxResTime" : 1262.0,
    "pct1ResTime" : 1262.0,
    "pct2ResTime" : 1262.0,
    "pct3ResTime" : 1262.0,
    "throughput" : 0.42589437819420783,
    "receivedKBytesPerSec" : 0.24206106260647361,
    "sentKBytesPerSec" : 0.2938421662052811
  },
  "OS Process Sampler" : {
    "transaction" : "OS Process Sampler",
    "sampleCount" : 1,
    "errorCount" : 0,
    "errorPct" : 0.0,
    "meanResTime" : 1105.0,
    "medianResTime" : 1105.0,
    "minResTime" : 1105.0,
    "maxResTime" : 1105.0,
    "pct1ResTime" : 1105.0,
    "pct2ResTime" : 1105.0,
    "pct3ResTime" : 1105.0,
    "throughput" : 0.9049773755656109,
    "receivedKBytesPerSec" : 0.8201357466063348,
    "sentKBytesPerSec" : 0.0
  },
  "HTTP Request - enroll" : {
    "transaction" : "HTTP Request - enroll",
    "sampleCount" : 1,
    "errorCount" : 1,
    "errorPct" : 100.0,
    "meanResTime" : 1262.0,
    "medianResTime" : 1262.0,
    "minResTime" : 1262.0,
    "maxResTime" : 1262.0,
    "pct1ResTime" : 1262.0,
    "pct2ResTime" : 1262.0,
    "pct3ResTime" : 1262.0,
    "throughput" : 0.7923930269413629,
    "receivedKBytesPerSec" : 0.18262183042789223,
    "sentKBytesPerSec" : 1.093409518621236
  }
}