{
  "Total" : {
    "transaction" : "Total",
    "sampleCount" : 30,
    "errorCount" : 0,
    "errorPct" : 0.0,
    "meanResTime" : 4597.333333333334,
    "medianResTime" : 4260.0,
    "minResTime" : 111.0,
    "maxResTime" : 9799.0,
    "pct1ResTime" : 9793.9,
    "pct2ResTime" : 9797.35,
    "pct3ResTime" : 9799.0,
    "throughput" : 1.04942806170637,
    "receivedKBytesPerSec" : 3.3301918813621576,
    "sentKBytesPerSec" : 0.726093536834925
  },
  "OS Process Sampler" : {
    "transaction" : "OS Process Sampler",
    "sampleCount" : 15,
    "errorCount" : 0,
    "errorPct" : 0.0,
    "meanResTime" : 249.46666666666664,
    "medianResTime" : 230.0,
    "minResTime" : 111.0,
    "maxResTime" : 431.0,
    "pct1ResTime" : 402.8,
    "pct2ResTime" : 431.0,
    "pct3ResTime" : 431.0,
    "throughput" : 0.7322431047107639,
    "receivedKBytesPerSec" : 0.6635953136441298,
    "sentKBytesPerSec" : 0.0
  },
  "HTTP Request - enroll" : {
    "transaction" : "HTTP Request - enroll",
    "sampleCount" : 15,
    "errorCount" : 0,
    "errorPct" : 0.0,
    "meanResTime" : 8945.2,
    "medianResTime" : 8885.0,
    "minResTime" : 8089.0,
    "maxResTime" : 9799.0,
    "pct1ResTime" : 9797.2,
    "pct2ResTime" : 9799.0,
    "pct3ResTime" : 9799.0,
    "throughput" : 0.5474052988832931,
    "receivedKBytesPerSec" : 2.978120039139479,
    "sentKBytesPerSec" : 0.7574934653492446
  }
}