{
  "Total" : {
    "transaction" : "Total",
    "sampleCount" : 30,
    "errorCount" : 0,
    "errorPct" : 0.0,
    "meanResTime" : 32809.399999999994,
    "medianResTime" : 11208.0,
    "minResTime" : 848.0,
    "maxResTime" : 153480.0,
    "pct1ResTime" : 153420.4,
    "pct2ResTime" : 153473.4,
    "pct3ResTime" : 153480.0,
    "throughput" : 0.1481613180430853,
    "receivedKBytesPerSec" : 0.47015174496992324,
    "sentKBytesPerSec" : 0.10251200569680267
  },
  "OS Process Sampler" : {
    "transaction" : "OS Process Sampler",
    "sampleCount" : 15,
    "errorCount" : 0,
    "errorPct" : 0.0,
    "meanResTime" : 2644.266666666667,
    "medianResTime" : 1924.0,
    "minResTime" : 848.0,
    "maxResTime" : 5980.0,
    "pct1ResTime" : 5707.0,
    "pct2ResTime" : 5980.0,
    "pct3ResTime" : 5980.0,
    "throughput" : 0.08104953747730613,
    "receivedKBytesPerSec" : 0.07345114333880867,
    "sentKBytesPerSec" : 0.0
  },
  "HTTP Request - enroll" : {
    "transaction" : "HTTP Request - enroll",
    "sampleCount" : 15,
    "errorCount" : 0,
    "errorPct" : 0.0,
    "meanResTime" : 62974.533333333326,
    "medianResTime" : 18143.0,
    "minResTime" : 16436.0,
    "maxResTime" : 153480.0,
    "pct1ResTime" : 153472.8,
    "pct2ResTime" : 153480.0,
    "pct3ResTime" : 153480.0,
    "throughput" : 0.07691203314395882,
    "receivedKBytesPerSec" : 0.4184194865609041,
    "sentKBytesPerSec" : 0.1064300302392477
  }
}