{
  "Total" : {
    "transaction" : "Total",
    "sampleCount" : 100,
    "errorCount" : 50,
    "errorPct" : 50.0,
    "meanResTime" : 505.10999999999973,
    "medianResTime" : 286.5,
    "minResTime" : 1.0,
    "maxResTime" : 2111.0,
    "pct1ResTime" : 1421.6000000000001,
    "pct2ResTime" : 1667.95,
    "pct3ResTime" : 2108.549999999999,
    "throughput" : 6.257039169065198,
    "receivedKBytesPerSec" : 11.51808479852334,
    "sentKBytesPerSec" : 0.0
  },
  "OS Process Sampler" : {
    "transaction" : "OS Process Sampler",
    "sampleCount" : 50,
    "errorCount" : 0,
    "errorPct" : 0.0,
    "meanResTime" : 982.9000000000002,
    "medianResTime" : 901.5,
    "minResTime" : 328.0,
    "maxResTime" : 2111.0,
    "pct1ResTime" : 1667.9,
    "pct2ResTime" : 1793.3999999999994,
    "pct3ResTime" : 2111.0,
    "throughput" : 3.129694541812719,
    "receivedKBytesPerSec" : 2.8362856785177764,
    "sentKBytesPerSec" : 0.0
  },
  "HTTP Request - enroll" : {
    "transaction" : "HTTP Request - enroll",
    "sampleCount" : 50,
    "errorCount" : 50,
    "errorPct" : 100.0,
    "meanResTime" : 27.319999999999997,
    "medianResTime" : 3.0,
    "minResTime" : 1.0,
    "maxResTime" : 245.0,
    "pct1ResTime" : 206.6999999999997,
    "pct2ResTime" : 239.14999999999998,
    "pct3ResTime" : 245.0,
    "throughput" : 4.7555640098915735,
    "receivedKBytesPerSec" : 13.19854776964048,
    "sentKBytesPerSec" : 0.0
  }
}