{
  "Total" : {
    "transaction" : "Total",
    "sampleCount" : 2,
    "errorCount" : 0,
    "errorPct" : 0.0,
    "meanResTime" : 17132.0,
    "medianResTime" : 17132.0,
    "minResTime" : 665.0,
    "maxResTime" : 33599.0,
    "pct1ResTime" : 33599.0,
    "pct2ResTime" : 33599.0,
    "pct3ResTime" : 33599.0,
    "throughput" : 0.0533546752034147,
    "receivedKBytesPerSec" : 0.169312516673336,
    "sentKBytesPerSec" : 0.03681159963985594
  },
  "OS Process Sampler" : {
    "transaction" : "OS Process Sampler",
    "sampleCount" : 1,
    "errorCount" : 0,
    "errorPct" : 0.0,
    "meanResTime" : 665.0,
    "medianResTime" : 665.0,
    "minResTime" : 665.0,
    "maxResTime" : 665.0,
    "pct1ResTime" : 665.0,
    "pct2ResTime" : 665.0,
    "pct3ResTime" : 665.0,
    "throughput" : 1.5037593984962407,
    "receivedKBytesPerSec" : 1.362781954887218,
    "sentKBytesPerSec" : 0.0
  },
  "HTTP Request - enroll" : {
    "transaction" : "HTTP Request - enroll",
    "sampleCount" : 1,
    "errorCount" : 0,
    "errorPct" : 0.0,
    "meanResTime" : 33599.0,
    "medianResTime" : 33599.0,
    "minResTime" : 33599.0,
    "maxResTime" : 33599.0,
    "pct1ResTime" : 33599.0,
    "pct2ResTime" : 33599.0,
    "pct3ResTime" : 33599.0,
    "throughput" : 0.029762790559242837,
    "receivedKBytesPerSec" : 0.16192236934134946,
    "sentKBytesPerSec" : 0.04106916314473646
  }
}