{
  "Total" : {
    "transaction" : "Total",
    "sampleCount" : 300,
    "errorCount" : 0,
    "errorPct" : 0.0,
    "meanResTime" : 3953.276666666668,
    "medianResTime" : 3575.5,
    "minResTime" : 85.0,
    "maxResTime" : 13785.0,
    "pct1ResTime" : 7892.6,
    "pct2ResTime" : 8266.15,
    "pct3ResTime" : 13560.64,
    "throughput" : 1.258368148185433,
    "receivedKBytesPerSec" : 3.99312737648068,
    "sentKBytesPerSec" : 0.8706580400286908
  },
  "OS Process Sampler" : {
    "transaction" : "OS Process Sampler",
    "sampleCount" : 150,
    "errorCount" : 0,
    "errorPct" : 0.0,
    "meanResTime" : 293.06,
    "medianResTime" : 274.5,
    "minResTime" : 85.0,
    "maxResTime" : 723.0,
    "pct1ResTime" : 451.9,
    "pct2ResTime" : 587.599999999999,
    "pct3ResTime" : 718.9200000000001,
    "throughput" : 0.666800026672001,
    "receivedKBytesPerSec" : 0.6042875241715009,
    "sentKBytesPerSec" : 0.0
  },
  "HTTP Request - enroll" : {
    "transaction" : "HTTP Request - enroll",
    "sampleCount" : 150,
    "errorCount" : 0,
    "errorPct" : 0.0,
    "meanResTime" : 7613.493333333331,
    "medianResTime" : 7382.5,
    "minResTime" : 6428.0,
    "maxResTime" : 13785.0,
    "pct1ResTime" : 8262.300000000001,
    "pct2ResTime" : 8538.749999999998,
    "pct3ResTime" : 13727.880000000001,
    "throughput" : 0.6327325186550637,
    "receivedKBytesPerSec" : 3.4422337949292814,
    "sentKBytesPerSec" : 0.8755683388029544
  }
}