{
  "Total" : {
    "transaction" : "Total",
    "sampleCount" : 6,
    "errorCount" : 0,
    "errorPct" : 0.0,
    "meanResTime" : 3401.666666666667,
    "medianResTime" : 3376.0,
    "minResTime" : 64.0,
    "maxResTime" : 6900.0,
    "pct1ResTime" : 6900.0,
    "pct2ResTime" : 6900.0,
    "pct3ResTime" : 6900.0,
    "throughput" : 0.28561907935450087,
    "receivedKBytesPerSec" : 0.9063664046508306,
    "sentKBytesPerSec" : 0.19706042926167466
  },
  "OS Process Sampler" : {
    "transaction" : "OS Process Sampler",
    "sampleCount" : 3,
    "errorCount" : 0,
    "errorPct" : 0.0,
    "meanResTime" : 157.33333333333334,
    "medianResTime" : 99.0,
    "minResTime" : 64.0,
    "maxResTime" : 309.0,
    "pct1ResTime" : 309.0,
    "pct2ResTime" : 309.0,
    "pct3ResTime" : 309.0,
    "throughput" : 0.20601565718994644,
    "receivedKBytesPerSec" : 0.18670168932838896,
    "sentKBytesPerSec" : 0.0
  },
  "HTTP Request - enroll" : {
    "transaction" : "HTTP Request - enroll",
    "sampleCount" : 3,
    "errorCount" : 0,
    "errorPct" : 0.0,
    "meanResTime" : 6646.0,
    "medianResTime" : 6595.0,
    "minResTime" : 6443.0,
    "maxResTime" : 6900.0,
    "pct1ResTime" : 6900.0,
    "pct2ResTime" : 6900.0,
    "pct3ResTime" : 6900.0,
    "throughput" : 0.14739841792364763,
    "receivedKBytesPerSec" : 0.8019107287623446,
    "sentKBytesPerSec" : 0.20339254348253327
  }
}