{
  "Total" : {
    "transaction" : "Total",
    "sampleCount" : 12,
    "errorCount" : 1,
    "errorPct" : 8.333333,
    "meanResTime" : 1137.75,
    "medianResTime" : 694.5,
    "minResTime" : 295.0,
    "maxResTime" : 3428.0,
    "pct1ResTime" : 3379.4,
    "pct2ResTime" : 3428.0,
    "pct3ResTime" : 3428.0,
    "throughput" : 1.1649354431608583,
    "receivedKBytesPerSec" : 3.511586405446073,
    "sentKBytesPerSec" : 0.8037371978448694
  },
  "OS Process Sampler" : {
    "transaction" : "OS Process Sampler",
    "sampleCount" : 6,
    "errorCount" : 0,
    "errorPct" : 0.0,
    "meanResTime" : 894.1666666666666,
    "medianResTime" : 871.0,
    "minResTime" : 402.0,
    "maxResTime" : 1409.0,
    "pct1ResTime" : 1409.0,
    "pct2ResTime" : 1409.0,
    "pct3ResTime" : 1409.0,
    "throughput" : 0.6083958629081322,
    "receivedKBytesPerSec" : 0.5513587507604948,
    "sentKBytesPerSec" : 0.0
  },
  "HTTP Request - enroll" : {
    "transaction" : "HTTP Request - enroll",
    "sampleCount" : 6,
    "errorCount" : 1,
    "errorPct" : 16.666666,
    "meanResTime" : 1381.3333333333333,
    "medianResTime" : 444.5,
    "minResTime" : 295.0,
    "maxResTime" : 3428.0,
    "pct1ResTime" : 3428.0,
    "pct2ResTime" : 3428.0,
    "pct3ResTime" : 3428.0,
    "throughput" : 0.9388202159286497,
    "receivedKBytesPerSec" : 4.809161565091535,
    "sentKBytesPerSec" : 1.2954618799874824
  }
}