{
  "Total" : {
    "transaction" : "Total",
    "sampleCount" : 3000,
    "errorCount" : 0,
    "errorPct" : 0.0,
    "meanResTime" : 129.97133333333312,
    "medianResTime" : 123.0,
    "minResTime" : 22.0,
    "maxResTime" : 1063.0,
    "pct1ResTime" : 184.0,
    "pct2ResTime" : 228.94999999999982,
    "pct3ResTime" : 360.9899999999998,
    "throughput" : 22.783195115282965,
    "receivedKBytesPerSec" : 79.23901072756236,
    "sentKBytesPerSec" : 15.986060244463685
  },
  "OS Process Sampler" : {
    "transaction" : "OS Process Sampler",
    "sampleCount" : 1500,
    "errorCount" : 0,
    "errorPct" : 0.0,
    "meanResTime" : 123.58400000000019,
    "medianResTime" : 109.0,
    "minResTime" : 22.0,
    "maxResTime" : 496.0,
    "pct1ResTime" : 206.9000000000001,
    "pct2ResTime" : 260.95000000000005,
    "pct3ResTime" : 359.99,
    "throughput" : 11.4018151689749,
    "receivedKBytesPerSec" : 10.332894996883505,
    "sentKBytesPerSec" : 0.0
  },
  "HTTP Request - enroll" : {
    "transaction" : "HTTP Request - enroll",
    "sampleCount" : 1500,
    "errorCount" : 0,
    "errorPct" : 0.0,
    "meanResTime" : 136.35866666666666,
    "medianResTime" : 126.0,
    "minResTime" : 92.0,
    "maxResTime" : 1063.0,
    "pct1ResTime" : 155.0,
    "pct2ResTime" : 172.95000000000005,
    "pct3ResTime" : 412.5300000000004,
    "throughput" : 11.48729887654217,
    "receivedKBytesPerSec" : 69.49433658216482,
    "sentKBytesPerSec" : 16.120359849210057
  }
}