{
  "Total" : {
    "transaction" : "Total",
    "sampleCount" : 3000,
    "errorCount" : 0,
    "errorPct" : 0.0,
    "meanResTime" : 67.69100000000005,
    "medianResTime" : 60.0,
    "minResTime" : 11.0,
    "maxResTime" : 2039.0,
    "pct1ResTime" : 124.0,
    "pct2ResTime" : 137.0,
    "pct3ResTime" : 172.98999999999978,
    "throughput" : 43.218324569617515,
    "receivedKBytesPerSec" : 66.0914399580422,
    "sentKBytesPerSec" : 17.388622776057048
  },
  "OS Process Sampler" : {
    "transaction" : "OS Process Sampler",
    "sampleCount" : 1500,
    "errorCount" : 0,
    "errorPct" : 0.0,
    "meanResTime" : 21.205333333333325,
    "medianResTime" : 19.0,
    "minResTime" : 11.0,
    "maxResTime" : 57.0,
    "pct1ResTime" : 30.90000000000009,
    "pct2ResTime" : 35.0,
    "pct3ResTime" : 42.0,
    "throughput" : 21.63627971382414,
    "receivedKBytesPerSec" : 6.761337410570044,
    "sentKBytesPerSec" : 0.0
  },
  "HTTP Request - enroll" : {
    "transaction" : "HTTP Request - enroll",
    "sampleCount" : 1500,
    "errorCount" : 0,
    "errorPct" : 0.0,
    "meanResTime" : 114.17666666666655,
    "medianResTime" : 104.0,
    "minResTime" : 63.0,
    "maxResTime" : 2039.0,
    "pct1ResTime" : 137.0,
    "pct2ResTime" : 151.0,
    "pct3ResTime" : 337.890000000001,
    "throughput" : 21.93912623773237,
    "receivedKBytesPerSec" : 60.24465496610406,
    "sentKBytesPerSec" : 17.65414064442527
  }
}