{
  "Total" : {
    "transaction" : "Total",
    "sampleCount" : 12,
    "errorCount" : 6,
    "errorPct" : 50.0,
    "meanResTime" : 806.2500000000001,
    "medianResTime" : 325.5,
    "minResTime" : 32.0,
    "maxResTime" : 3511.0,
    "pct1ResTime" : 3433.9,
    "pct2ResTime" : 3511.0,
    "pct3ResTime" : 3511.0,
    "throughput" : 1.449625513409036,
    "receivedKBytesPerSec" : 0.21517878714665378,
    "sentKBytesPerSec" : 0.4133697753080454
  },
  "OS Process Sampler" : {
    "transaction" : "OS Process Sampler",
    "sampleCount" : 6,
    "errorCount" : 0,
    "errorPct" : 0.0,
    "meanResTime" : 417.6666666666667,
    "medianResTime" : 368.0,
    "minResTime" : 77.0,
    "maxResTime" : 757.0,
    "pct1ResTime" : 757.0,
    "pct2ResTime" : 757.0,
    "pct3ResTime" : 757.0,
    "throughput" : 0.7279786459597185,
    "receivedKBytesPerSec" : 0.07109166464450375,
    "sentKBytesPerSec" : 0.0
  },
  "HTTP Request - enroll" : {
    "transaction" : "HTTP Request - enroll",
    "sampleCount" : 6,
    "errorCount" : 6,
    "errorPct" : 100.0,
    "meanResTime" : 1194.8333333333335,
    "medianResTime" : 169.0,
    "minResTime" : 32.0,
    "maxResTime" : 3511.0,
    "pct1ResTime" : 3511.0,
    "pct2ResTime" : 3511.0,
    "pct3ResTime" : 3511.0,
    "throughput" : 1.3297872340425532,
    "receivedKBytesPerSec" : 0.26491855053191493,
    "sentKBytesPerSec" : 0.7583942819148937
  }
}